INSERT INTO "brand" ("id", "brand_name") VALUES
(1, 'Kinder'),
(2, 'Milka'),
(3, 'Lindt'),
(4, 'Cadbury'),
(5, 'Côte d''or');

INSERT INTO "product" ("id", "product_name", "weight", "price", "brand_id") VALUES
(1, 'Schoko Bons', 500, 4, 1),
(2, 'Bueno', 200, 3, 1),
(3, 'Country', 1000, 15, 1),
(4, 'Surprise', 25, 1, 1),
(5, 'Choco fresh', 102, 2, 1),
(6, 'Tender roll noisettes', 300, 2, 2),
(7, 'Riz croustillant', 150, 1, 2),
(8, 'Daim', 120, 3, 2),
(9, 'Mmmax amandes et caramel', 200, 3, 2),
(10, 'Père Noël lait', 400, 5, 2),
(11, 'Lindor assorti', 350, 10, 3),
(12, 'Lapin or blanc', 300, 7, 3),
(13, 'Création crème brûlée', 200, 2, 3),
(14, 'Excellence noir poire intense', 110, 1, 3),
(15, 'Sensation crispy lait céréales soufflées', 230, 4, 3),
(16, 'Double Decker', 180, 3, 4),
(17, 'Twirl', 120, 2, 4),
(18, 'Lait caramel', 160, 3, 4),
(19, 'Wispa', 110, 2, 4),
(20, 'Lait Oréo', 140, 3, 4),
(21, 'Tablette lait noisettes entières', 200, 3, 5),
(22, 'Mignonette lait', 130, 2, 5),
(23, 'Mini roc noir', 50, 1, 5),
(24, 'Nougatti', 100, 3, 5),
(25, 'Barre noir noisettes', 80, 2, 5);


INSERT INTO "user" ("id", "lastname", "firstname", "email", "password") VALUES
(1, 'Démission', 'Macron', 'macrondemission@gmail.com', 'test123');


INSERT INTO "tag" ("id", "tag_name") VALUES
(1, 'chocolat au lait'),
(2, 'creme de noisette'),
(3, 'noisette'),
(4, 'amande'),
(5, 'chocolat noir'),
(6, 'chocolat blanc'),
(7, 'caramel'),
(8, 'céréales');


INSERT INTO "product_has_tag" ("product_id", "tag_id") VALUES
(1, 1),
(1, 2),
(2, 1),
(2, 2),
(3, 1),
(3, 8),
(4, 1),
(5, 1),
(5, 2),
(6, 1),
(6, 3),
(7, 1),
(8, 1),
(8, 7),
(9, 4),
(9, 5),
(9, 7),
(10, 1),
(11, 1),
(11, 5),
(11, 6),
(11, 7),
(12, 6),
(13, 1),
(14, 5),
(15, 1),
(15, 8),
(16, 1),
(16, 8),
(17, 1),
(18, 1),
(18, 7),
(19, 1),
(20, 1),
(21, 1),
(21, 3),
(22, 1),
(22, 4),
(23, 5),
(24, 4),
(24, 6),
(25, 3),
(25, 5);